Region;03-03-2020;04-03-2020;05-03-2020;06-03-2020;07-03-2020;08-03-2020;09-03-2020;10-03-2020;11-03-2020;12-03-2020;13-03-2020;14-03-2020;15-03-2020;16-03-2020;17-03-2020;18-03-2020;19-03-2020;20-03-2020;21-03-2020;22-03-2020;23-03-2020;24-03-2020;25-03-2020;26-03-2020;27-03-2020;28-03-2020;29-03-2020;30-03-2020;31-03-2020;01-04-2020;02-04-2020;03-04-2020;04-04-2020;05-04-2020;06-04-2020;07-04-2020;08-04-2020;09-04-2020;10-04-2020;11-04-2020;12-04-2020;13-04-2020;14-04-2020;15-04-2020;16-04-2020;17-04-2020;18-04-2020;19-04-2020;20-04-2020;21-04-2020;22-04-2020;23-04-2020;24-04-2020;25-04-2020;26-04-2020;27-04-2020;28-04-2020;29-04-2020;30-04-2020;01-05-2020;02-05-2020;03-05-2020;04-05-2020;05-05-2020;06-05-2020;07-05-2020;08-05-2020;09-05-2020;10-05-2020;11-05-2020;12-05-2020;13-05-2020;14-05-2020;15-05-2020;16-05-2020;17-05-2020;18-05-2020;19-05-2020;20-05-2020;21-05-2020;22-05-2020;23-05-2020;24-05-2020;25-05-2020;26-05-2020;27-05-2020;28-05-2020;29-05-2020;30-05-2020;31-05-2020;01-06-2020;02-06-2020;03-06-2020;04-06-2020;05-06-2020;06-06-2020;07-06-2020;08-06-2020;09-06-2020;10-06-2020;11-06-2020;12-06-2020;13-06-2020;14-06-2020;15-06-2020;16-06-2020;17-06-2020;18-06-2020;19-06-2020;20-06-2020;21-06-2020;22-06-2020;23-06-2020;24-06-2020;25-06-2020;26-06-2020;27-06-2020;28-06-2020;29-06-2020;30-06-2020;01-07-2020;02-07-2020;03-07-2020;04-07-2020;05-07-2020;06-07-2020;07-07-2020;08-07-2020;09-07-2020;10-07-2020;11-07-2020;12-07-2020;13-07-2020;14-07-2020;15-07-2020;16-07-2020;17-07-2020;18-07-2020;19-07-2020;20-07-2020;21-07-2020;22-07-2020;23-07-2020;24-07-2020;25-07-2020;26-07-2020;27-07-2020;28-07-2020;29-07-2020;30-07-2020;31-07-2020;01-08-2020;02-08-2020;03-08-2020;04-08-2020;05-08-2020;06-08-2020;07-08-2020;08-08-2020;09-08-2020;10-08-2020;11-08-2020;12-08-2020;13-08-2020;14-08-2020;15-08-2020;16-08-2020;17-08-2020;18-08-2020;19-08-2020;20-08-2020;21-08-2020;22-08-2020;23-08-2020;24-08-2020;25-08-2020;26-08-2020;27-08-2020;28-08-2020;29-08-2020;30-08-2020;31-08-2020;01-09-2020;02-09-2020;03-09-2020;04-09-2020;05-09-2020;06-09-2020;07-09-2020;08-09-2020;09-09-2020;10-09-2020;11-09-2020;12-09-2020;13-09-2020;14-09-2020;15-09-2020;16-09-2020;17-09-2020;18-09-2020;19-09-2020;20-09-2020;21-09-2020;22-09-2020;23-09-2020;24-09-2020;25-09-2020;26-09-2020;27-09-2020;28-09-2020;29-09-2020;30-09-2020;01-10-2020;02-10-2020;03-10-2020;04-10-2020;05-10-2020;06-10-2020;07-10-2020;08-10-2020;09-10-2020;10-10-2020;11-10-2020;12-10-2020;13-10-2020;14-10-2020;15-10-2020;16-10-2020;17-10-2020;18-10-2020;19-10-2020;20-10-2020;21-10-2020;22-10-2020;23-10-2020;24-10-2020;25-10-2020;26-10-2020;27-10-2020;28-10-2020;29-10-2020;30-10-2020;31-10-2020;01-11-2020;02-11-2020;03-11-2020;04-11-2020;05-11-2020;06-11-2020;07-11-2020;08-11-2020;09-11-2020;10-11-2020;11-11-2020;12-11-2020;13-11-2020;14-11-2020;15-11-2020;16-11-2020;17-11-2020;18-11-2020;19-11-2020;20-11-2020;21-11-2020;22-11-2020;23-11-2020;24-11-2020;25-11-2020;26-11-2020;27-11-2020;28-11-2020;29-11-2020;30-11-2020;01-12-2020;02-12-2020;03-12-2020;04-12-2020;05-12-2020;06-12-2020;07-12-2020;08-12-2020;09-12-2020;10-12-2020;11-12-2020;12-12-2020;13-12-2020;14-12-2020;15-12-2020;16-12-2020;17-12-2020;18-12-2020;19-12-2020;20-12-2020;21-12-2020;22-12-2020;23-12-2020;24-12-2020;25-12-2020;26-12-2020;27-12-2020;28-12-2020;29-12-2020;30-12-2020;31-12-2020;01-01-2021;02-01-2021;03-01-2021;04-01-2021;05-01-2021;06-01-2021;07-01-2021;08-01-2021;09-01-2021;10-01-2021;11-01-2021;12-01-2021;13-01-2021;14-01-2021;15-01-2021;16-01-2021;17-01-2021;18-01-2021;19-01-2021;20-01-2021;21-01-2021;22-01-2021;23-01-2021;24-01-2021;25-01-2021;26-01-2021;27-01-2021;28-01-2021;29-01-2021;30-01-2021;31-01-2021;01-02-2021;02-02-2021;03-02-2021;04-02-2021;05-02-2021;06-02-2021;07-02-2021;08-02-2021;09-02-2021;10-02-2021;11-02-2021;12-02-2021;13-02-2021;14-02-2021;15-02-2021;16-02-2021;17-02-2021;18-02-2021;19-02-2021;20-02-2021;21-02-2021;22-02-2021;23-02-2021;24-02-2021;25-02-2021;26-02-2021;27-02-2021;28-02-2021;01-03-2021;02-03-2021;03-03-2021;04-03-2021;05-03-2021;06-03-2021;07-03-2021;08-03-2021;09-03-2021;10-03-2021;11-03-2021;12-03-2021;13-03-2021;14-03-2021;15-03-2021;16-03-2021;17-03-2021;18-03-2021;19-03-2021;20-03-2021;21-03-2021;22-03-2021;23-03-2021;24-03-2021;25-03-2021;26-03-2021;27-03-2021;28-03-2021;29-03-2021;30-03-2021;31-03-2021;01-04-2021;02-04-2021;03-04-2021;04-04-2021;05-04-2021;06-04-2021;07-04-2021;08-04-2021;09-04-2021;10-04-2021;11-04-2021;12-04-2021;13-04-2021;14-04-2021;15-04-2021;16-04-2021;17-04-2021;18-04-2021;19-04-2021;20-04-2021;21-04-2021;22-04-2021;23-04-2021;24-04-2021;25-04-2021;26-04-2021;27-04-2021;28-04-2021;29-04-2021;30-04-2021;01-05-2021;02-05-2021;03-05-2021;04-05-2021;05-05-2021;06-05-2021;07-05-2021;08-05-2021;09-05-2021;10-05-2021;11-05-2021;12-05-2021;13-05-2021;14-05-2021;15-05-2021;16-05-2021;17-05-2021;18-05-2021;19-05-2021;20-05-2021;21-05-2021;22-05-2021;23-05-2021;24-05-2021;25-05-2021;26-05-2021;27-05-2021;28-05-2021;29-05-2021;30-05-2021;31-05-2021;01-06-2021;02-06-2021;03-06-2021;04-06-2021;05-06-2021;06-06-2021;07-06-2021;08-06-2021;09-06-2021;10-06-2021;11-06-2021;12-06-2021;13-06-2021;14-06-2021;15-06-2021;16-06-2021;17-06-2021;18-06-2021;19-06-2021;20-06-2021;21-06-2021;22-06-2021;23-06-2021;24-06-2021;25-06-2021;26-06-2021;27-06-2021;28-06-2021;29-06-2021;30-06-2021;01-07-2021;02-07-2021;03-07-2021;04-07-2021;05-07-2021;06-07-2021;07-07-2021;08-07-2021;09-07-2021;10-07-2021;11-07-2021;12-07-2021;13-07-2021;14-07-2021;15-07-2021;16-07-2021;17-07-2021;18-07-2021;19-07-2021;20-07-2021;21-07-2021;22-07-2021;23-07-2021;24-07-2021;25-07-2021;26-07-2021;27-07-2021;28-07-2021;29-07-2021;30-07-2021;31-07-2021;01-08-2021;02-08-2021;03-08-2021;04-08-2021;05-08-2021;06-08-2021;07-08-2021;08-08-2021;09-08-2021;10-08-2021;11-08-2021;12-08-2021;13-08-2021;14-08-2021;15-08-2021;16-08-2021;17-08-2021;18-08-2021;19-08-2021;20-08-2021;21-08-2021;22-08-2021;23-08-2021;24-08-2021;25-08-2021;26-08-2021;27-08-2021;28-08-2021;29-08-2021;30-08-2021;31-08-2021;01-09-2021;02-09-2021;03-09-2021;04-09-2021;05-09-2021;06-09-2021;07-09-2021;08-09-2021;09-09-2021;10-09-2021;11-09-2021;12-09-2021;13-09-2021;14-09-2021;15-09-2021;16-09-2021;17-09-2021;18-09-2021;19-09-2021;20-09-2021;21-09-2021;22-09-2021;23-09-2021;24-09-2021;25-09-2021;26-09-2021;27-09-2021;28-09-2021;29-09-2021;30-09-2021;01-10-2021;02-10-2021;03-10-2021;04-10-2021;05-10-2021;06-10-2021;07-10-2021;08-10-2021;09-10-2021;10-10-2021;11-10-2021;12-10-2021;13-10-2021;14-10-2021;15-10-2021;16-10-2021;17-10-2021;18-10-2021;19-10-2021;20-10-2021;21-10-2021;22-10-2021;23-10-2021;24-10-2021;25-10-2021;26-10-2021;27-10-2021;28-10-2021;29-10-2021;30-10-2021;31-10-2021;01-11-2021;02-11-2021;03-11-2021;04-11-2021;05-11-2021;06-11-2021;07-11-2021;08-11-2021;09-11-2021;10-11-2021;11-11-2021;12-11-2021;13-11-2021;14-11-2021;15-11-2021;16-11-2021;17-11-2021;18-11-2021;19-11-2021;20-11-2021;21-11-2021;22-11-2021;23-11-2021;24-11-2021;25-11-2021;26-11-2021;27-11-2021;28-11-2021;29-11-2021;30-11-2021;01-12-2021;02-12-2021;03-12-2021;04-12-2021;05-12-2021;06-12-2021;07-12-2021;08-12-2021;09-12-2021;10-12-2021;11-12-2021;12-12-2021;13-12-2021;14-12-2021;15-12-2021;16-12-2021;17-12-2021;18-12-2021;19-12-2021;20-12-2021;21-12-2021;22-12-2021;23-12-2021;24-12-2021;25-12-2021;26-12-2021;27-12-2021;28-12-2021;29-12-2021;30-12-2021;31-12-2021;01-01-2022;02-01-2022;03-01-2022;04-01-2022;05-01-2022;06-01-2022;07-01-2022;08-01-2022;09-01-2022;10-01-2022;11-01-2022;12-01-2022;13-01-2022;14-01-2022;15-01-2022;16-01-2022;17-01-2022;18-01-2022;19-01-2022;20-01-2022;21-01-2022;22-01-2022;23-01-2022;24-01-2022;25-01-2022;26-01-2022;27-01-2022;28-01-2022;29-01-2022;30-01-2022;31-01-2022;01-02-2022;02-02-2022;03-02-2022;04-02-2022;05-02-2022;06-02-2022;07-02-2022;08-02-2022;09-02-2022;10-02-2022;11-02-2022;12-02-2022;13-02-2022;14-02-2022;15-02-2022;16-02-2022;17-02-2022;18-02-2022;19-02-2022;20-02-2022;21-02-2022;22-02-2022;23-02-2022;24-02-2022;25-02-2022;26-02-2022;27-02-2022;28-02-2022;01-03-2022;02-03-2022;03-03-2022;04-03-2022;05-03-2022;06-03-2022
Arica y Parinacota;0;0;0;0;0;0;0;0;0;0;0;0;0;0;0;0;1;0;0;1;0;0;0;1;0;0;1;2;0;0;1;5;0;16;13;12;10;12;12;20;8;0;5;4;5;5;8;3;16;9;10;30;29;6;7;13;3;4;2;13;4;1;0;7;3;6;1;8;2;10;0;7;4;5;7;1;18;21;2;21;15;9;13;15;8;17;18;17;4;25;13;18;43;31;40;33;31;17;39;16;35;39;37;45;30;15;50;20;52;29;43;46;23;23;29;37;61;28;31.0;24.0;59;55;41;52;56;65;29;59;82;43;57;71;93;71;91;101;92;62;37;120;93;47;110;132;93;108;49;110;76;67;75;83;70;48;64;52;84;64;53;115;67;76;103;46;67;72;62;42;39;31;50;49;55;27;63;28;40;27;47;29;26;40;37;17;37;31;30;24;37;20;27;21;38;26;29;32;27;24;22;20;40;34;9;16;32;30;38;30;31;36;33;42;28;44;46;37;27;26;34;44;32;27;15;25;33;33;25;30;28;29;15;11;27;30;26;28;28;21;8;10;21;19;22;6;9;16;13;26;24;18;19;16;5;11;18;9;12;17;6;2;15;15;14;4;5;15;2;4;8;6;11;6;13;2;8;10;8;7;6;5;0;10;7;5;12;13;7;7;9;2;31;7;11;8;8;10;24;10;11;4;13;11;19;12;22;22;17;4;14;19;22;22;37;18;53;25;18;47;18;35;52;43;46;27;35;38;39;34;48;18;41;52;48;47;47;45;26;25;47;33;48;54;47;25;40;40;44;27;58;35;27;21;46;52;38;47;47;33;27;44;33;41;25;31;35;14;41;44;27;25;52;15;25;41;42;39;25;63;24;19;53;34;52;30;24;25;22;49;37;35;50;24;23;47;48;30;19;48;26;22;32;74;57;41;48;44;27;21;60;55;68;30;45;18;36;79;54;56;53;48;30;34;50;36;44;61;41;18;28;67;34;45;68;46;21;25;58;58;49;41;26;16;24;55;76;55;34;36;32;43;56;48;53;44;48;35;40;56;43;50;41;43;26;30;45;60;40;38;64;35;40;61;71;65;59;45;51;41;28;73;44;53;54;26;30;41;65;59;46;36;38;26;22;64;25;27;30;18;24;54;31;20;13;8;8;10;20;13;16;6;6;10;11;14;13;7;10;6;6;7;17;12;9;2;17;6;10;10;15;6;5;4;0;5;6;4;8;3;8;3;4;6;9;1;3;5;4;4;1;2;1;4;9;5;3;12;13;13;4;13;8;12;19;10;17;13;12;12;31;18;19;17;13;7;18;17;12;8;19;15;10;5;14;12;6;9;5;3;8;5;17;11;14;11;7;14;15;11;16;8;13;7;8;18;9;11;15;5;15;3;5;18;14;11;13;17;14;33;11;17;23;9;14;10;11;14;11;15;11;4;5;9;8;6;12;5;3;6;9;3;6;1;5;3;4;12;3;7;5;6;0;2;5;8;11;6;5;4;3;7;6;14;9;4;6;4;11;12;11;22;13;20;29;51;95;116;100;110;99;104;132;120;134;115;167;161;173;207;277;220;204;116;201;235;261;258;258;257;238;217;178;198;264;245;211;201;130;120;254;186;195;169;199;132;100;145;154;150;100;102;53;69;101;94;63;91;97;42;49;79;80;65;39;55
Tarapacá;0;0;0;0;0;0;0;0;0;0;0;0;0;0;0;0;0;0;0;0;1;3;0;1;0;0;1;2;2;0;2;1;4;3;1;2;3;3;6;3;8;6;10;0;4;7;8;9;3;11;10;14;6;9;13;8;5;14;15;0;11;54;16;14;13;38;5;25;28;18;23;31;51;75;51;108;73;40;28;99;121;68;85;53;97;70;119;130;124;86;152;60;76;108;139;104;119;133;89;79;92;91;152;119;90;96;105;69;108;124;92;76;65;51;58;111;43;101;61.0;53.0;51;72;53;55;100;85;45;56;40;68;66;70;23;21;39;30;64;68;55;75;45;41;64;105;48;19;84;116;38;85;17;39;42;25;44;67;13;59;22;58;30;83;42;70;42;31;29;56;32;44;37;48;29;45;34;18;24;18;22;42;29;29;5;33;23;26;17;23;6;16;31;20;24;25;26;24;21;16;28;17;12;13;18;23;11;7;21;29;16;15;22;20;26;24;10;17;18;13;13;21;11;21;12;13;6;27;13;21;18;12;18;5;31;21;22;14;14;18;5;10;11;27;17;19;14;6;16;18;8;13;14;13;13;13;16;22;14;17;3;15;23;10;16;16;5;13;8;25;18;27;13;13;14;20;6;13;19;3;18;38;7;16;14;34;0;54;27;41;51;57;43;34;38;46;55;59;53;67;60;52;54;66;104;43;100;55;54;69;202;114;71;171;107;97;104;100;111;188;194;97;115;87;143;142;126;83;108;86;80;67;117;64;107;57;62;40;251;93;87;66;86;64;69;64;77;77;61;91;78;67;71;60;131;65;93;92;61;72;53;130;79;71;66;36;39;93;93;77;6;5;22;67;253;78;114;104;122;54;46;68;113;102;82;112;123;90;159;125;121;107;106;40;110;182;136;87;138;95;52;115;199;151;131;133;85;77;105;98;168;101;124;97;70;85;145;130;82;82;76;113;84;120;107;103;88;96;96;64;94;69;122;74;80;58;99;43;83;120;73;59;76;63;86;93;68;60;73;61;46;42;74;87;86;63;66;56;47;56;41;62;53;54;67;54;74;63;67;50;51;32;48;84;64;63;48;30;51;18;39;50;58;37;36;38;25;29;41;29;43;41;23;25;30;39;25;21;22;15;12;27;23;12;14;11;13;18;25;20;22;16;29;8;5;29;18;33;18;14;10;11;18;24;13;14;11;8;11;18;9;14;7;12;8;12;12;13;15;9;10;5;4;13;9;8;16;15;2;13;8;6;8;6;7;4;7;6;14;11;5;9;2;14;17;7;7;0;4;2;7;9;17;14;4;12;5;10;7;14;14;15;18;19;12;30;11;32;11;21;15;27;14;18;32;29;14;26;8;25;31;33;21;18;28;37;33;53;17;41;21;27;20;32;24;53;24;35;32;33;45;50;30;49;25;24;29;40;65;51;53;26;13;38;35;32;23;24;16;7;14;26;13;11;17;11;10;15;9;5;14;13;11;14;14;11;23;11;13;9;3;13;10;10;14;13;12;26;41;53;82;128;96;29;48;124;135;148;272;223;278;303;369;308;306;603;376;401;460;510;489;494;299;475;491;519;622;487;372;420;452;301;172;302;269;256;196;173;142;123;196;140;140;120;91;64;92;106;90;76;84;50;46;63;66;53;60;49;26;34;41;49;48;48;36;42
Antofagasta;0;0;0;0;0;0;0;0;0;0;0;2;0;0;0;0;0;4;4;1;0;2;6;1;1;4;2;8;0;4;8;7;1;5;8;1;8;15;18;7;21;11;6;21;16;19;15;23;14;28;35;14;26;25;52;14;24;33;27;37;80;45;14;41;28;31;26;19;27;32;89;91;48;38;71;60;70;43;51;35;55;52;40;61;44;65;98;57;90;61;67;58;61;129;53;105;106;80;134;143;179;119;141;231;244;83;107;259;256;322;208;218;227;202;237;197;249;249;253.0;187.0;224;167;239;204;223;197;181;193;210;150;266;181;175;157;147;147;171;138;156;96;67;127;132;107;89;133;103;88;102;52;106;102;97;87;53;89;85;100;121;112;108;48;55;71;93;72;87;77;38;48;40;86;55;42;81;16;45;66;35;69;67;33;39;44;48;30;47;41;49;48;40;34;38;28;35;32;36;24;28;26;30;23;10;36;35;42;41;34;42;25;15;21;21;32;39;21;23;21;16;43;49;21;28;34;18;16;24;26;41;17;23;34;12;29;25;33;25;34;15;28;24;25;17;25;23;14;10;25;21;38;12;13;11;6;25;14;15;17;11;10;3;17;17;18;11;11;8;8;18;24;18;18;30;16;8;5;15;17;17;11;14;13;20;22;20;38;27;22;18;49;28;27;29;31;29;34;44;65;42;20;52;52;71;70;86;69;51;82;93;108;161;81;127;141;156;122;139;122;161;291;266;265;244;98;132;375;224;204;186;172;156;232;201;166;220;139;176;123;190;178;166;137;194;143;106;186;192;185;156;128;88;84;161;130;140;136;131;105;80;163;162;154;119;105;84;96;130;115;115;131;110;93;65;137;117;119;104;111;98;92;137;118;138;107;139;95;97;148;119;126;109;113;70;84;142;143;114;134;95;88;105;177;157;130;116;90;120;79;164;133;140;112;121;97;90;135;126;116;87;112;68;68;113;138;99;103;87;57;52;83;103;103;99;68;83;66;114;104;102;92;78;61;94;113;121;92;93;93;78;76;107;140;107;96;91;89;72;111;98;117;123;92;87;51;101;91;93;70;124;78;72;99;88;85;74;85;54;45;63;109;72;53;75;47;49;65;84;70;54;34;25;33;54;41;59;37;35;23;16;47;28;29;25;14;11;20;43;23;19;18;17;12;12;29;14;17;20;17;5;5;17;13;10;8;8;3;12;20;7;6;13;8;5;2;8;10;8;3;4;6;6;9;4;2;4;2;4;3;3;8;7;11;10;3;5;11;15;11;4;6;7;8;2;7;8;8;6;8;17;20;20;18;29;26;13;19;13;19;24;12;13;26;12;27;24;18;26;9;24;18;36;50;44;36;25;22;35;29;48;37;26;46;27;44;38;38;44;25;30;20;23;34;47;48;34;42;27;37;39;56;39;33;36;31;38;33;40;27;37;24;23;37;32;23;26;30;21;25;22;34;40;24;25;17;14;17;20;24;38;30;15;20;24;33;21;23;25;23;20;18;33;21;26;24;12;22;34;27;26;29;23;20;23;46;77;84;95;115;117;133;182;234;258;382;379;349;386;447;463;566;298;188;430;577;632;720;885;748;808;811;409;770;663;690;611;578;472;396;500;507;418;441;355;290;206;266;336;303;307;224;187;153;222;230;197;162;149;135;107;128;169;150;156;134
Atacama;0;0;0;0;0;0;0;0;0;0;0;1;0;0;0;0;0;0;0;0;0;0;0;0;0;0;1;0;0;1;0;2;0;0;0;1;2;2;3;0;0;0;0;0;0;0;0;0;0;0;0;5;3;3;5;6;0;7;1;0;13;8;2;4;0;1;0;20;7;5;1;5;0;2;3;2;5;1;3;3;3;6;0;3;2;8;4;3;8;3;8;3;6;15;8;11;12;24;7;14;22;20;16;11;23;14;34;18;25;22;28;28;13;30;28;43;25;27;32.0;19.0;35;18;19;28;29;32;19;24;54;25;40;44;35;28;39;14;1;29;34;18;45;28;48;47;45;100;13;37;40;74;74;58;66;73;17;132;50;100;90;8;196;76;76;57;69;72;57;60;64;37;21;47;51;42;51;37;20;22;31;46;45;26;36;30;11;21;22;20;24;19;38;14;34;32;27;20;38;12;20;24;37;12;24;18;22;20;14;27;20;33;27;22;19;24;16;10;15;18;14;16;11;17;15;17;12;17;14;18;18;16;26;11;11;19;16;10;13;15;9;13;7;12;11;9;5;3;7;0;0;2;4;4;6;5;0;8;4;7;4;6;17;4;5;1;3;5;4;3;2;9;20;5;9;1;9;3;5;8;0;6;8;10;6;8;5;7;3;3;5;10;8;4;10;13;11;8;12;9;5;8;5;8;5;6;12;23;16;22;7;10;34;32;32;31;1;52;45;27;36;47;29;30;26;32;64;49;43;36;45;43;51;52;30;53;55;70;31;22;31;27;48;36;36;40;35;22;30;39;26;27;28;38;12;17;44;31;14;41;35;13;29;36;24;11;37;39;23;36;23;20;35;26;39;46;24;35;54;28;43;42;19;41;29;55;31;34;41;34;28;28;30;40;35;50;29;33;63;61;48;60;65;45;52;68;69;41;47;74;46;38;80;87;50;62;82;59;53;70;59;43;45;68;30;54;62;63;35;34;44;47;53;56;44;22;38;61;25;39;46;43;27;45;62;55;79;65;36;64;75;65;42;53;90;67;39;57;54;33;21;66;121;22;53;46;44;35;57;110;56;51;95;61;67;87;60;38;49;38;39;70;42;47;22;59;41;65;37;88;22;25;38;24;60;48;19;43;21;52;33;41;36;28;25;22;28;28;37;33;24;23;10;7;11;23;24;3;19;8;3;9;10;4;5;2;0;13;6;4;3;5;3;2;2;2;8;8;8;2;8;2;3;11;3;3;9;4;1;3;10;7;5;8;9;4;3;10;7;7;2;5;2;3;6;6;9;1;2;4;6;13;13;9;11;13;4;6;5;14;9;14;15;6;8;8;7;8;11;15;5;17;6;13;10;8;5;4;8;12;13;27;7;26;10;20;14;19;22;9;14;14;18;29;18;26;24;19;30;24;31;40;43;32;51;19;23;71;33;39;51;49;20;28;57;35;35;34;34;35;29;60;33;27;38;23;32;14;34;36;21;27;31;16;20;14;18;20;22;26;21;9;31;25;25;11;9;12;9;26;29;27;26;5;8;21;39;53;36;44;39;31;60;69;58;65;65;95;57;112;101;144;132;149;155;153;222;273;240;192;249;193;147;272;356;396;441;401;274;330;398;292;295;366;510;190;226;290;343;366;344;291;269;167;246;268;164;198;180;168;153;160;236;174;190;145
Coquimbo;0;0;0;0;0;0;0;0;0;0;0;0;0;0;0;0;2;1;0;2;1;5;1;1;1;1;3;9;1;2;4;1;9;6;1;1;4;5;0;3;2;0;0;0;2;0;0;0;1;0;1;0;2;1;0;1;0;2;0;0;1;5;1;5;0;1;9;12;0;5;4;0;3;5;0;1;13;21;13;2;10;12;25;14;37;64;24;52;52;23;33;17;29;44;37;53;84;120;43;78;75;79;66;35;96;35;74;75;99;62;67;53;46;35;56;43;64;67;67.0;55.0;51;49;48;91;69;81;55;53;63;87;84;53;47;9;91;55;82;70;132;117;60;59;137;125;149;142;99;78;120;92;138;52;100;66;96;64;107;93;85;120;102;80;61;121;91;140;110;86;82;74;79;88;96;145;97;71;101;84;90;45;58;96;47;84;59;66;82;62;74;37;49;65;71;84;53;45;52;28;34;50;32;22;16;15;20;24;37;38;36;22;33;24;24;28;42;23;14;22;18;25;10;22;13;15;14;7;19;17;18;20;7;14;14;11;10;15;13;8;4;17;14;9;12;13;5;11;5;8;8;6;5;9;4;6;15;2;15;8;3;6;9;10;20;17;9;16;16;16;13;8;26;15;9;12;12;16;15;44;12;43;9;13;26;15;22;15;54;18;20;24;34;25;31;28;32;25;30;34;31;15;22;24;36;42;61;36;26;33;46;20;52;55;60;46;91;38;51;46;82;62;51;54;63;56;83;76;73;80;76;87;68;81;115;88;83;98;86;76;108;118;111;91;109;80;57;102;124;89;117;109;69;43;119;84;115;125;117;68;64;121;156;122;135;128;114;90;158;174;162;174;130;118;103;142;183;161;166;133;125;90;163;184;188;138;150;119;96;147;152;190;122;114;152;66;169;194;166;145;107;98;73;134;181;95;160;143;85;73;143;161;129;117;132;95;82;120;173;126;110;122;100;81;153;157;139;93;124;74;71;129;168;126;103;129;100;74;135;142;171;121;138;114;81;174;172;181;170;128;104;113;179;248;194;219;144;183;118;198;208;226;221;200;138;136;149;252;224;215;210;213;86;244;240;211;195;230;112;82;102;189;177;143;136;99;99;60;102;118;107;94;52;36;85;79;97;44;68;43;39;75;69;63;45;27;37;16;51;44;47;48;33;23;30;35;29;30;43;19;8;18;30;23;27;21;18;15;12;27;19;14;27;17;13;14;15;13;12;10;12;5;5;12;11;10;8;11;4;11;10;17;12;10;3;7;2;6;7;8;4;8;4;8;10;7;9;14;5;6;11;22;18;16;18;26;22;11;27;23;21;22;21;7;19;12;19;27;19;22;5;9;20;25;21;25;25;19;19;30;49;50;59;35;43;40;51;62;56;50;46;31;28;52;78;75;81;78;45;61;67;69;90;63;53;54;72;77;89;76;95;83;82;82;71;93;121;91;66;58;67;61;62;56;79;64;50;50;82;57;77;65;48;52;35;44;39;47;29;31;33;21;20;44;40;40;13;27;28;39;34;29;28;24;28;40;52;58;62;42;43;75;118;121;175;244;236;189;225;305;355;458;516;565;436;469;700;814;785;1012;862;674;798;1174;1098;1224;1126;1030;840;750;1101;923;1025;995;981;736;704;916;943;960;941;858;596;652;638;757;665;698;615;509;450;534;592;672;553;565
Valparaíso;0;0;0;0;0;0;0;0;0;0;0;0;0;1;0;0;3;1;8;3;3;6;7;12;5;22;9;28;7;21;20;20;9;6;7;16;11;5;11;7;6;19;12;14;31;15;14;22;7;15;18;8;7;18;6;25;8;33;28;4;42;23;18;31;24;61;38;43;42;29;54;79;69;66;33;85;70;72;107;101;120;87;99;65;133;111;123;91;169;117;166;227;151;233;233;295;255;247;223;198;216;284;332;213;230;239;181;202;239;226;246;259;245;258;257;269;211;214;193.0;175.0;222;174;229;254;215;146;173;140;173;204;169;216;161;147;96;154;141;120;139;139;132;175;165;137;188;115;113;99;85;144;117;155;149;94;120;101;164;131;168;140;139;108;117;132;154;142;175;97;79;108;123;137;131;146;122;80;103;144;149;151;163;147;105;141;106;141;138;139;112;91;82;125;132;119;137;126;106;85;97;149;112;82;52;51;73;119;133;133;100;67;92;98;93;83;94;98;63;83;60;73;81;89;87;76;46;40;66;73;88;85;55;48;51;55;56;63;61;47;27;36;53;46;49;62;26;33;32;53;49;50;67;40;32;46;71;61;46;67;28;29;39;46;52;35;41;37;51;35;75;52;50;69;33;30;43;63;59;65;67;59;51;35;56;69;66;100;55;64;63;113;74;91;94;54;71;69;115;107;91;78;61;41;100;167;161;209;100;96;102;122;214;226;188;258;134;163;154;196;180;144;191;110;126;138;274;199;173;176;104;120;132;183;208;138;170;145;69;101;164;152;149;137;150;118;128;178;158;144;199;116;131;153;193;192;252;156;158;105;166;297;243;242;245;186;164;195;224;285;309;280;249;218;229;340;348;354;298;313;184;385;478;383;428;481;381;262;419;573;500;540;564;487;311;445;618;576;508;492;423;361;382;631;640;534;573;434;382;408;486;460;513;412;384;304;323;428;410;445;412;350;261;349;396;342;310;311;266;152;259;380;313;326;333;209;188;226;330;307;345;314;260;169;268;437;346;361;291;274;231;329;446;426;418;388;337;239;382;433;427;436;424;374;349;402;511;436;429;469;309;283;396;448;449;325;406;347;266;211;314;385;341;338;248;178;205;207;297;274;246;205;178;149;254;209;184;148;129;106;85;119;124;108;82;46;69;71;135;105;81;92;62;58;55;75;78;71;65;43;35;37;96;89;47;39;46;22;38;69;55;58;61;39;24;35;52;43;47;38;34;22;27;39;37;44;35;28;24;19;27;26;18;16;10;10;16;18;16;22;16;12;9;17;17;17;20;20;4;13;29;21;26;25;41;35;7;28;47;41;39;46;26;25;28;64;53;65;59;46;25;58;57;78;101;77;75;51;91;78;108;118;139;100;75;86;127;139;133;110;99;84;89;127;172;206;188;166;111;194;193;186;194;227;130;89;197;184;230;226;198;197;121;167;211;152;217;176;145;81;140;148;161;96;140;109;76;111;121;76;115;121;83;65;90;124;100;100;99;71;63;80;103;100;87;73;42;55;88;100;113;101;80;31;61;86;165;146;175;168;148;149;259;366;371;538;561;468;390;639;665;949;1092;1027;1043;1194;1341;1727;1561;1847;1659;1688;1400;1981;2328;2652;2474;2200;2297;1661;1951;2294;2612;2178;1980;1928;1514;2135;2252;1959;2044;1811;1340;970;1744;1609;1513;1433;1329;993;799;1372;1353;1254;1230;1103
Metropolitana;0;1;1;1;1;2;3;1;4;9;6;11;14;69;29;22;73;57;55;50;50;81;142;64;192;146;83;128;125;101;115;106;215;145;142;106;198;284;361;255;151;204;283;248;348;233;277;189;262;145;295;351;327;404;331;362;442;339;650;812;998;912;790;1157;784;1149;1022;789;1225;827;1260;1826;1994;1793;1319;1671;1596;2802;3298;3126;3374;2812;2859;4000;3074;3421;3500;2746;3035;3964;4436;2698;3707;3327;2888;3945;4797;3349;2789;4235;4039;5174;4708;5264;3596;3623;3257;2788;3518;3074;2775;2411;1994;1916;2473;2058;2295;2048;1913.0;1759.0;1026;1071;1544;1717;1623;1286;1012;758;1262;1207;1060;1293;1096;656;516;921;1104;793;622;701;507;540;732;825;645;585;588;382;457;511;545;531;525;386;312;355;459;449;430;425;339;278;293;400;462;274;384;269;178;198;381;330;354;353;304;253;241;286;328;332;358;263;259;311;368;330;388;399;286;205;325;288;258;338;334;277;196;257;292;251;265;263;158;187;246;299;309;361;260;275;152;337;295;311;225;222;212;138;205;223;293;234;237;218;183;195;189;268;252;255;269;146;189;253;232;256;241;237;86;186;258;203;264;223;198;147;140;235;227;200;203;145;129;112;219;188;205;236;175;109;161;221;220;221;197;184;138;173;207;195;270;244;197;136;196;204;309;236;282;199;222;264;245;252;316;321;344;253;253;350;416;362;294;262;224;308;381;364;354;255;393;365;416;520;549;530;264;348;485;443;570;604;579;588;477;392;485;510;513;502;517;440;378;441;577;612;513;607;476;378;484;636;494;556;439;389;306;349;455;451;592;533;462;367;437;562;609;582;549;502;457;446;630;620;496;528;604;347;508;647;794;757;663;635;353;608;766;1071;898;1128;874;598;962;1187;1068;1200;1203;1069;922;1061;1578;1423;1456;1536;1301;1126;1219;1752;1866;2058;1609;1980;1065;1843;2068;2009;2277;1907;1599;1667;1780;2258;2421;2025;1935;1472;1510;1714;1887;1658;1860;1727;1569;1345;1493;1832;1991;1640;1714;1437;938;1382;2015;1941;1645;1621;1048;845;1264;1681;1893;1695;1396;1472;1126;1477;1851;1910;1960;2007;1445;1166;1785;2374;2131;2273;1885;1740;1440;2012;2708;2578;2670;2382;2043;1579;2159;2786;2793;2899;2311;2151;1792;2147;2516;2523;2345;2238;1802;1366;1747;2023;1824;1838;1622;1459;1018;980;1225;1467;1405;1079;968;595;635;829;1065;932;804;596;450;612;752;593;551;498;496;345;354;552;475;386;313;234;243;327;431;440;375;320;221;223;278;364;333;288;305;285;193;246;364;307;279;203;280;145;223;338;281;273;275;220;130;200;273;244;231;185;165;133;156;234;232;203;160;123;103;134;181;150;128;118;119;78;146;155;154;148;106;115;81;135;170;194;184;143;93;107;209;326;287;253;258;185;104;201;282;302;264;238;208;187;295;349;412;372;417;375;211;320;488;646;650;592;497;376;516;684;817;700;707;576;434;745;871;952;773;800;630;459;548;859;956;940;830;780;495;840;850;829;804;717;612;432;593;679;641;654;641;502;314;542;594;541;493;424;374;228;307;416;349;263;303;206;175;252;259;196;235;230;185;151;189;214;237;212;170;120;87;190;239;170;175;134;90;102;195;204;205;276;168;109;159;294;442;587;628;604;547;522;817;1196;1500;1621;1829;1480;1255;2174;2519;3150;3151;2820;3017;2754;4425;5347;6458;6282;6267;5918;5152;7788;7763;7967;7763;7381;6413;5108;7332;7098;7560;7422;6840;5119;4537;6093;5884;5538;5578;4597;3641;2814;4099;4245;4075;3871;3394;2772;2210;3164;3612;3578;3192;3079
O'Higgins;0;0;0;0;0;0;0;0;0;0;0;0;0;0;0;0;2;4;1;1;0;1;2;3;2;4;1;0;2;3;6;1;5;3;1;0;1;1;0;1;1;2;5;1;0;1;0;0;1;1;2;17;5;4;7;2;3;7;3;1;10;4;6;5;8;6;13;13;8;13;7;18;33;22;6;22;33;13;11;8;21;20;28;29;59;24;13;35;11;27;23;24;85;32;45;85;56;64;57;117;98;72;149;116;77;195;184;205;233;263;238;192;148;213;234;209;152;244;201.0;217.0;134;154;128;185;175;152;185;90;148;225;120;78;125;105;104;133;152;74;99;90;81;110;100;140;91;90;84;33;67;86;78;77;65;67;37;46;79;81;152;78;63;64;78;84;63;43;66;39;42;54;83;63;51;56;78;59;72;47;64;72;66;66;70;67;97;76;79;60;67;58;53;79;82;104;88;63;100;66;91;81;75;76;80;45;89;80;75;81;78;48;79;71;81;56;70;44;56;55;35;66;62;57;60;40;80;32;42;36;124;74;66;48;48;56;43;59;48;32;32;22;56;33;33;32;26;23;21;32;40;21;39;33;11;19;30;20;40;17;33;23;16;26;16;36;30;42;24;13;34;20;38;23;27;26;33;34;28;18;20;41;54;24;33;39;37;29;35;26;30;42;31;61;44;53;23;36;37;34;56;32;55;33;52;45;97;62;64;66;68;73;94;87;96;93;107;76;41;100;94;94;105;105;91;94;132;169;85;128;68;99;144;103;154;152;83;108;123;96;74;104;111;107;78;90;66;101;93;122;135;63;55;83;95;117;101;103;93;33;125;121;192;152;133;146;111;140;117;147;172;203;182;129;127;157;235;192;177;160;250;181;209;222;229;250;199;139;217;210;286;212;247;246;210;231;234;322;270;282;227;211;193;232;367;273;255;245;246;246;172;297;284;273;217;207;164;157;240;249;214;163;212;158;183;240;224;184;213;119;167;191;273;223;170;197;149;152;196;195;294;235;175;240;267;214;322;309;202;206;178;227;252;341;228;338;250;251;232;298;372;333;295;171;296;251;266;256;276;263;174;211;189;193;210;205;224;171;84;134;116;196;127;162;102;90;83;74;81;111;76;98;45;45;87;70;61;57;43;20;31;53;43;31;25;23;23;24;50;36;34;39;24;13;21;20;31;35;18;15;18;11;28;24;13;7;14;10;11;28;13;9;26;10;13;19;19;30;18;39;21;11;9;20;14;10;17;15;8;11;15;15;14;5;14;16;10;10;14;7;9;4;19;14;10;13;6;7;7;5;10;10;15;13;12;11;9;13;20;17;16;18;12;12;21;17;23;24;12;19;24;25;32;38;34;18;23;36;31;45;37;65;46;42;42;65;37;50;63;61;30;51;44;48;53;63;70;31;63;27;76;64;60;39;45;54;44;34;54;44;72;37;45;47;39;40;53;48;35;22;39;45;32;26;28;25;15;22;31;31;24;12;29;16;13;23;27;16;16;12;17;7;16;29;28;3;11;17;17;16;17;15;23;13;15;21;36;19;40;43;41;40;76;55;70;121;139;127;127;167;221;242;242;309;337;367;447;708;697;719;668;727;667;841;757;1000;1122;951;950;813;1130;1087;1284;1225;1160;872;1035;1525;1215;1191;982;1101;644;779;875;961;837;844;821;553;667;690;781;808;686;585
Maule;0;1;0;0;0;1;1;1;2;0;1;1;0;0;0;2;3;0;1;10;3;1;1;1;1;5;5;12;8;9;11;7;8;6;5;0;11;9;3;3;4;3;1;10;15;56;53;26;2;12;12;5;16;1;4;9;21;8;0;1;2;1;2;7;0;6;11;6;8;9;8;17;24;14;9;17;23;33;29;44;50;37;65;54;60;52;46;55;59;30;37;36;181;117;96;87;116;51;92;123;105;116;118;121;84;80;77;174;173;134;181;122;121;134;150;154;142;112;103.0;65.0;148;88;125;147;109;98;104;77;107;117;103;90;66;71;96;119;103;58;118;57;108;74;102;99;108;93;69;36;90;84;76;50;74;57;73;57;67;89;90;70;44;47;50;60;60;66;78;54;53;57;85;88;77;54;59;47;73;61;51;57;77;53;46;62;87;119;89;99;86;43;77;113;109;122;117;89;62;54;118;87;85;82;60;53;116;110;98;113;102;69;55;74;83;95;63;46;76;72;40;73;92;85;86;75;54;48;39;51;93;77;75;46;39;57;77;77;80;53;28;16;87;78;65;47;58;34;22;59;55;61;35;51;29;26;51;97;47;53;49;44;27;62;49;59;57;37;39;34;57;59;49;52;63;26;38;58;40;46;53;57;90;44;62;56;82;70;99;96;104;69;116;121;102;130;67;115;111;124;152;78;152;117;132;135;190;25;282;202;208;129;159;160;197;162;153;106;201;323;240;196;211;199;135;236;219;200;151;134;271;147;240;210;311;221;221;205;189;168;187;204;202;236;170;156;113;231;216;170;178;170;121;77;188;184;164;184;175;116;96;192;199;232;127;210;127;127;206;233;247;247;221;105;156;269;211;212;219;200;232;178;238;213;289;238;294;316;184;245;281;282;291;268;256;406;254;341;285;312;395;281;321;335;456;475;429;302;321;425;432;429;376;445;374;300;378;317;511;373;400;392;287;319;398;383;314;372;314;217;200;389;404;395;329;307;169;230;392;350;390;333;271;242;253;381;347;375;333;343;250;272;414;381;373;343;370;251;287;397;405;364;274;274;283;250;375;353;400;295;289;200;188;294;344;324;267;250;127;140;184;236;248;245;220;147;85;147;204;192;180;128;76;91;175;126;124;115;106;46;57;115;75;66;52;46;31;55;83;70;75;77;49;43;49;68;58;52;53;37;25;29;64;42;38;14;39;17;32;47;49;36;43;26;25;33;40;47;35;38;32;12;17;35;20;15;32;20;11;9;31;9;25;17;9;6;17;16;10;19;15;8;15;18;13;23;21;17;19;12;11;30;26;33;27;36;18;28;31;26;18;26;16;14;37;21;45;40;68;40;38;33;61;51;73;89;52;39;56;105;81;80;75;86;45;76;73;66;79;74;50;70;42;72;133;79;105;94;101;80;86;101;81;110;85;107;105;110;90;107;99;97;77;96;107;104;120;109;67;70;72;89;69;45;72;58;27;56;74;65;50;67;45;39;43;71;55;57;54;57;34;44;28;45;29;47;18;39;44;39;46;40;43;20;20;29;55;64;68;68;60;57;73;103;124;120;132;137;95;169;205;251;312;306;262;303;728;548;721;696;685;666;676;1240;1286;1259;1295;1066;1112;935;1640;1518;1473;1423;1744;1371;1226;1685;2379;2146;2007;2257;1557;1087;1736;1953;2341;2489;1698;1044;1101;1817;1611;1729;1454;1429
Ñuble;0;0;0;0;0;0;0;0;0;1;1;2;0;8;14;0;2;16;14;6;17;24;6;3;30;28;25;32;16;14;82;29;31;24;49;48;39;10;18;17;7;5;4;12;5;17;11;11;9;7;9;5;7;10;6;10;6;14;7;0;4;7;0;2;1;1;1;5;8;1;12;11;10;30;14;14;37;3;20;8;5;45;23;37;8;24;26;34;7;1;32;0;30;36;52;34;19;58;22;24;52;42;17;39;49;17;46;35;84;23;17;22;14;20;12;33;29;33;20.0;12.0;16;31;20;34;28;31;16;41;51;51;54;34;21;23;12;44;5;61;16;13;21;10;26;22;17;6;47;12;19;20;18;21;20;17;10;26;13;41;36;24;33;15;17;25;22;8;10;28;27;24;34;35;49;23;49;31;47;43;63;71;43;68;17;16;35;64;43;55;36;30;27;38;73;51;72;43;32;17;50;43;31;43;24;23;18;30;46;52;43;21;22;12;40;49;22;21;15;12;11;38;32;16;31;22;31;22;5;17;41;21;33;12;22;31;32;27;19;30;15;17;30;39;26;38;12;37;6;15;37;27;33;30;35;12;41;39;31;24;67;27;21;40;51;38;43;38;30;27;50;34;43;37;44;33;18;51;57;42;36;33;44;27;52;38;40;50;44;30;37;49;47;49;52;41;32;31;74;68;67;48;44;44;40;70;92;44;66;57;50;39;49;82;68;84;54;70;55;60;76;73;83;79;69;73;85;100;99;99;62;85;69;82;103;97;89;85;80;64;104;72;96;89;88;103;71;78;120;132;90;99;58;55;90;66;94;75;55;47;66;93;118;85;57;107;60;37;140;85;112;87;76;87;93;81;151;142;99;108;83;94;89;160;107;167;89;137;148;150;110;109;151;142;103;184;150;136;130;94;162;102;84;136;162;184;159;127;106;108;120;166;139;135;95;96;57;126;110;144;112;121;86;78;105;117;122;92;107;61;63;136;106;109;103;118;53;74;101;140;117;132;111;52;94;147;157;116;152;77;95;84;169;151;138;94;116;98;90;155;169;136;137;129;81;74;134;121;115;134;100;110;52;93;95;109;108;107;45;56;55;85;87;100;51;67;19;27;70;61;64;68;43;36;34;57;52;45;33;19;27;47;27;42;25;16;9;15;24;27;23;31;38;11;12;37;31;21;20;14;6;12;23;23;14;12;6;5;9;23;20;11;21;12;2;6;17;14;3;10;9;3;4;9;7;4;2;10;3;1;6;10;17;5;14;7;4;5;9;2;1;7;2;2;12;7;6;6;4;2;12;16;9;5;2;7;9;9;10;7;20;5;14;5;6;15;8;9;21;20;11;11;14;15;12;15;27;12;18;19;24;31;24;21;14;20;22;24;22;16;24;36;16;14;25;22;44;23;29;36;32;29;28;41;30;30;33;44;42;57;49;47;46;52;63;63;59;56;40;43;43;31;65;15;38;30;29;28;32;32;32;28;31;29;17;31;41;33;22;34;18;19;26;29;19;24;7;8;18;30;30;26;15;10;17;19;29;43;31;35;40;47;44;64;77;65;81;65;64;120;131;151;163;150;105;157;310;454;439;372;571;235;518;614;518;872;512;768;775;752;815;534;624;764;1217;1082;612;796;824;885;859;798;577;737;812;1054;896;811;579;580;493;636;693;608;554;571
Biobío;0;0;0;0;0;0;1;0;0;0;2;0;0;1;0;3;7;5;11;5;11;27;22;14;26;16;34;16;15;24;35;27;45;18;18;27;29;21;14;16;10;12;16;14;17;19;28;10;10;10;22;17;8;13;7;3;3;10;6;0;19;7;3;11;12;18;20;31;10;12;0;27;14;32;29;19;40;25;43;32;43;39;51;34;40;54;96;91;80;76;75;12;118;68;67;83;87;51;37;138;106;114;149;111;38;44;149;145;160;222;193;190;130;109;178;189;150;189;152.0;82.0;119;92;135;103;133;113;85;77;126;138;108;143;94;73;91;151;123;119;116;125;97;94;153;146;139;142;106;121;118;116;145;144;151;104;107;128;141;149;118;149;90;109;74;175;144;129;163;142;90;107;192;182;174;222;200;127;103;261;199;257;177;211;122;126;205;241;188;228;169;130;138;201;193;176;187;146;138;125;211;177;164;129;86;124;131;209;182;194;153;152;113;115;149;139;144;144;129;100;83;128;135;169;165;131;141;105;146;226;171;181;126;113;119;136;186;196;164;167;139;110;167;152;174;145;141;119;115;201;190;211;191;168;105;131;274;199;225;189;198;134;145;256;217;234;192;209;125;191;262;261;229;204;199;178;171;324;260;230;266;280;180;204;325;225;330;341;295;203;225;320;348;339;311;321;203;231;365;318;326;243;195;259;262;462;386;375;260;180;264;248;476;375;451;397;406;283;254;390;445;424;374;348;324;270;426;445;415;343;347;217;228;421;334;295;373;274;204;179;342;314;321;287;289;216;206;378;478;321;378;322;252;247;384;360;421;383;314;271;263;433;490;459;439;446;328;349;600;497;629;507;547;419;419;652;754;622;697;607;653;397;525;723;734;681;693;530;519;630;790;610;644;637;440;441;696;628;656;555;375;484;465;641;703;559;603;506;416;422;641;548;642;486;477;333;350;492;464;482;494;363;256;252;505;460;426;381;314;223;259;388;364;392;350;289;274;247;440;399;476;385;430;312;282;533;500;474;394;360;287;317;475;565;541;461;365;283;313;427;501;481;464;362;274;278;495;431;428;378;332;223;270;367;411;328;360;275;161;172;210;430;343;229;246;170;140;166;283;259;226;179;98;124;212;162;181;131;125;92;87;141;111;130;101;73;53;70;156;95;91;88;82;35;52;76;95;76;77;52;29;42;76;74;50;56;51;18;25;52;32;57;49;38;24;26;62;38;38;31;41;15;20;40;38;29;32;20;20;30;33;22;24;28;22;10;11;25;31;23;14;23;15;33;33;26;12;15;26;14;28;39;28;44;21;32;24;20;29;24;30;28;13;23;28;31;32;25;30;30;21;31;45;59;56;25;40;36;54;65;61;68;57;50;49;61;73;77;109;128;82;69;73;121;107;161;160;150;115;155;211;184;169;220;186;173;191;204;255;229;213;211;209;180;261;254;268;262;189;145;174;259;243;171;213;164;147;162;206;218;145;208;155;116;137;183;171;146;165;133;72;99;154;167;144;115;84;81;125;177;171;109;127;79;71;87;156;139;131;142;123;93;130;181;206;188;199;241;192;244;310;413;444;420;527;561;802;866;1047;1013;1007;1150;1252;1558;1454;1650;1922;1672;1387;1729;1923;2014;1779;1942;1869;1783;2054;2456;2596;2618;2869;2294;1931;1949;2379;2477;2507;2375;2153;1654;1526;1936;1907;1867;1680;1623
Araucanía;0;0;0;0;0;0;0;0;0;0;0;0;0;1;0;3;3;2;6;12;13;19;15;37;32;34;28;42;55;41;46;43;45;32;53;50;57;20;23;27;36;20;21;10;56;25;37;28;73;47;21;29;42;19;13;20;15;22;18;0;19;14;1;19;0;7;7;15;22;2;14;9;36;18;16;13;28;18;10;25;22;30;26;30;21;26;31;24;47;11;34;21;29;6;89;26;47;26;28;42;34;35;51;26;48;39;18;40;23;14;37;32;16;9;24;37;17;35;30.0;14.0;15;20;46;37;26;32;14;8;21;23;17;31;6;10;24;21;11;1;16;19;21;19;19;29;21;20;28;22;33;21;35;20;30;30;19;12;41;19;14;23;25;15;27;28;26;28;22;15;31;19;23;47;42;20;14;29;16;13;25;26;26;19;25;36;46;39;25;27;39;29;45;51;66;52;65;36;61;36;33;44;57;38;63;59;64;42;100;57;64;65;39;120;105;105;83;77;125;90;68;127;145;93;125;97;96;85;121;118;69;143;97;71;108;80;195;116;113;132;62;134;129;102;116;136;79;99;96;192;189;136;203;113;133;133;126;93;173;112;64;90;90;146;139;120;147;68;95;113;123;127;131;100;87;118;129;98;143;104;101;163;108;109;85;154;102;180;66;150;82;87;147;176;157;110;99;122;119;117;143;121;138;91;93;152;175;157;122;249;115;163;173;258;212;215;160;203;191;231;258;178;209;184;168;255;232;221;206;255;198;171;279;167;154;224;232;191;143;153;156;255;201;191;128;204;137;240;186;250;193;182;153;214;156;196;239;200;251;126;241;233;328;249;251;300;271;246;232;358;277;324;290;269;275;338;376;377;344;247;302;361;398;384;520;300;345;355;358;392;432;393;437;275;325;328;274;355;295;277;364;256;231;377;405;385;355;289;269;281;372;412;442;381;319;262;239;355;390;325;254;255;236;199;333;393;434;396;214;212;158;284;362;310;265;274;194;214;265;327;308;260;281;151;166;288;331;244;234;253;131;199;284;378;324;281;238;202;163;243;314;313;278;261;189;163;236;305;304;271;225;166;117;265;241;275;217;189;202;102;162;233;275;197;212;122;106;105;204;193;154;140;128;71;134;180;158;105;94;42;77;78;133;89;84;40;50;25;60;71;57;68;61;28;38;57;59;56;43;23;28;30;45;45;35;26;29;17;12;25;26;14;20;29;15;11;22;27;21;19;15;14;9;24;21;17;19;22;20;13;22;30;15;14;13;2;8;16;13;12;7;4;7;9;10;6;14;4;6;5;9;12;13;11;16;7;5;12;15;30;24;24;18;9;8;20;14;12;14;9;14;6;13;16;22;16;15;19;17;32;24;30;24;14;15;29;17;50;17;31;27;31;33;18;28;69;66;43;56;79;59;79;68;57;68;39;43;68;64;110;80;66;61;55;76;86;94;65;64;47;56;72;53;51;70;49;32;43;63;58;57;79;73;41;50;68;56;61;54;45;46;55;56;46;58;53;41;36;36;72;78;103;70;48;35;53;67;138;159;140;114;127;116;241;188;290;237;195;176;229;352;440;448;478;474;536;616;691;866;749;822;842;823;831;886;922;1038;1074;899;1050;1298;1299;1446;1345;1282;1030;889;1276;1553;1539;1364;1314;943;698;1134;1260;1165;1125;927;649;589;790;902;830;795;635
Los Ríos;0;0;0;0;0;0;0;0;0;0;0;0;0;1;0;0;0;0;0;0;3;2;5;3;8;5;13;7;11;6;4;10;11;10;5;5;5;4;6;6;5;3;10;2;3;1;2;1;5;5;4;2;1;3;1;2;0;2;7;0;7;2;1;0;1;2;1;1;0;1;3;1;2;4;0;1;3;4;17;10;4;10;11;6;7;5;9;6;12;7;5;5;4;6;7;3;15;4;18;6;9;14;5;2;18;3;4;9;10;8;18;7;4;4;12;6;7;15;8.0;8.0;3;1;5;6;3;5;3;3;6;5;6;1;3;5;3;9;21;5;7;5;3;1;6;3;4;5;3;1;2;5;2;1;4;5;2;5;5;2;7;3;8;8;2;4;5;2;5;1;2;2;4;6;5;9;2;4;2;9;5;4;5;8;8;3;23;9;10;12;9;8;25;14;18;17;27;8;12;11;7;7;7;6;24;6;11;18;17;22;38;19;27;24;25;23;21;32;14;23;27;19;36;29;29;9;19;14;18;28;34;21;23;30;18;39;28;29;36;29;35;34;24;45;71;51;64;34;32;46;51;30;61;40;24;34;51;57;39;52;39;53;31;35;72;54;50;39;29;41;47;42;43;29;39;28;30;56;44;31;64;52;56;36;44;55;45;61;47;35;45;44;63;63;59;48;58;48;53;45;66;22;17;95;48;81;79;99;43;64;57;81;117;122;150;120;125;100;62;118;96;139;111;104;123;92;137;155;133;146;114;132;118;111;141;107;118;81;90;93;119;102;101;109;101;57;69;86;137;71;76;101;83;46;90;109;87;133;108;70;70;159;145;166;134;137;101;140;167;192;223;133;140;131;129;168;189;167;155;124;133;170;178;239;179;201;149;146;126;214;183;202;169;95;153;136;139;170;186;130;111;104;112;131;230;147;139;73;92;90;135;215;91;122;155;78;107;78;136;124;121;97;67;95;76;169;103;79;100;82;93;126;120;108;109;65;73;92;118;96;105;100;77;71;100;132;139;137;90;82;84;117;191;171;142;147;116;78;123;164;126;157;107;118;79;106;139;186;145;156;86;97;82;109;195;124;125;64;72;64;111;163;123;139;70;92;54;104;117;111;76;54;58;67;109;89;98;67;45;31;63;71;56;79;38;44;25;53;60;60;39;54;35;30;30;34;45;37;26;13;25;29;31;18;17;19;10;19;14;28;16;14;7;9;7;6;9;5;6;10;3;1;4;12;7;7;10;5;4;7;10;6;9;3;3;1;4;0;3;4;3;3;0;2;5;0;6;4;2;3;3;11;5;5;3;5;4;1;13;4;5;7;2;1;6;9;6;11;14;4;4;9;6;16;10;15;14;10;17;32;12;18;22;9;11;19;24;31;16;31;18;12;17;23;36;30;46;17;25;29;44;60;60;48;33;25;29;47;41;55;45;23;38;25;55;66;45;40;21;32;34;66;40;41;64;31;30;45;66;26;45;63;21;32;39;42;48;40;39;36;39;51;75;47;49;44;30;37;43;40;48;50;38;9;16;27;48;80;53;44;39;35;71;65;124;82;78;59;69;87;127;137;144;163;114;174;235;316;385;413;425;322;449;475;496;547;515;518;487;351;1069;1119;670;695;544;349;515;574;668;855;752;771;398;571;668;877;688;626;639;411;385;528;544;506;473;431
Los Lagos;0;0;0;0;1;0;0;0;0;0;0;0;0;0;0;7;8;2;2;3;10;3;8;16;3;30;11;24;23;30;22;31;25;17;10;13;26;15;9;15;8;8;5;5;9;13;4;5;3;8;13;9;6;5;8;4;0;4;5;13;11;4;5;1;11;0;1;7;10;8;2;21;0;6;3;2;1;2;10;14;15;5;6;20;14;10;17;6;33;3;0;24;14;13;35;15;14;7;9;12;18;14;19;24;24;9;34;12;31;33;28;44;26;16;17;31;23;28;22.0;11.0;25;44;65;36;59;23;22;57;48;40;61;55;33;56;45;49;50;21;64;21;60;62;44;84;110;58;76;89;43;41;94;81;71;43;73;64;53;95;93;106;46;33;64;55;66;49;80;31;41;42;69;55;45;61;38;25;49;36;75;48;61;38;27;42;38;42;56;77;34;18;30;20;68;52;39;34;61;26;66;40;137;70;27;35;37;66;166;95;115;98;81;47;83;83;94;71;65;86;44;81;78;105;130;78;85;81;85;144;139;133;88;62;77;141;152;140;117;115;76;60;124;133;107;162;106;67;68;81;177;138;108;106;107;59;144;158;159;164;136;85;70;117;124;120;114;122;61;56;108;81;97;117;71;65;54;83;83;103;82;79;71;67;109;75;134;90;58;69;64;141;104;90;114;78;108;141;98;153;169;102;123;136;116;165;192;273;101;213;111;207;309;286;360;312;342;204;406;271;361;318;385;290;258;416;391;440;409;404;361;265;244;435;425;340;345;336;173;227;327;275;314;266;208;207;166;239;247;219;214;204;136;175;231;195;206;162;161;99;167;217;186;271;158;206;113;186;238;295;254;255;196;153;130;228;259;280;208;144;190;165;184;215;241;262;204;135;159;262;269;210;227;168;136;106;293;272;189;249;94;129;123;248;288;272;167;144;121;121;280;238;226;192;122;112;121;219;197;170;192;149;97;103;180;184;168;159;102;65;93;207;148;207;173;143;104;121;168;242;209;202;159;134;170;288;229;266;210;129;120;211;275;246;272;284;209;113;177;255;223;226;172;174;118;136;238;222;161;219;131;101;123;209;165;134;123;127;98;61;81;175;164;179;128;78;84;83;136;116;118;87;44;81;125;101;91;79;49;45;55;85;59;59;35;67;24;37;93;68;45;64;52;25;31;51;48;31;36;36;4;19;36;38;41;25;22;7;11;50;24;17;34;20;6;18;32;11;21;28;14;7;9;32;12;21;20;15;6;9;21;13;12;15;10;3;4;26;13;22;10;11;7;6;17;20;18;24;7;13;4;23;18;27;23;13;6;9;15;15;13;13;6;9;5;16;21;20;17;14;8;8;17;18;22;12;19;17;7;26;54;35;30;26;28;20;33;59;43;20;48;16;35;42;60;57;78;32;78;48;56;79;73;118;75;86;78;86;95;113;170;72;133;132;117;180;155;132;126;109;95;136;137;107;156;84;116;156;138;97;130;128;103;84;71;119;88;136;79;70;50;72;104;71;93;57;30;30;62;74;89;73;40;25;52;56;81;80;89;85;42;32;49;84;91;76;117;73;62;99;169;134;187;189;189;207;339;424;522;629;483;407;393;703;847;1003;1010;819;591;430;658;838;1133;1034;867;675;606;903;945;1059;882;1019;537;654;869;1171;1245;1231;731;595;573;990;841;716;689;611
Aysén;0;0;0;0;0;0;0;0;0;0;0;1;0;0;0;0;0;0;0;0;0;0;0;1;0;0;0;0;0;1;2;1;0;1;0;0;0;0;0;0;0;0;0;0;0;0;0;0;0;0;0;0;0;0;0;0;0;0;0;0;0;0;0;0;0;1;0;0;0;0;0;0;0;0;0;0;0;0;0;0;0;0;0;2;2;0;2;2;0;1;0;0;0;1;0;0;1;0;0;0;1;0;2;0;2;0;0;0;1;1;0;0;0;0;1;0;4;1;1.0;0.0;0;4;0;0;0;0;0;0;0;1;1;5;1;0;2;1;3;0;0;0;0;0;0;1;2;0;1;0;1;0;3;0;1;0;0;0;1;1;0;2;0;0;0;0;0;1;0;0;0;0;0;0;2;0;1;2;2;0;3;4;0;1;0;0;0;0;0;1;0;0;0;3;0;0;6;6;4;0;5;3;10;0;6;3;9;15;1;17;5;0;29;12;15;11;26;23;1;7;23;8;19;19;28;15;10;14;23;9;17;6;22;15;19;12;8;6;0;11;4;3;8;1;8;3;8;1;14;6;6;6;5;5;3;8;7;2;4;6;3;3;7;8;4;7;5;1;2;8;4;2;9;6;6;1;1;3;2;6;4;2;2;11;2;2;5;2;5;2;8;5;2;11;7;6;6;8;9;8;10;7;18;7;11;14;9;5;6;7;1;18;12;22;17;27;23;4;25;19;44;17;32;9;31;36;26;28;25;30;22;13;18;8;23;17;21;6;8;17;11;14;14;19;15;6;13;25;16;20;15;14;12;8;20;20;19;8;13;9;3;11;15;10;8;9;3;7;8;15;11;10;8;4;5;11;6;7;4;14;6;11;6;7;12;9;8;8;13;7;20;4;12;2;11;16;21;17;9;14;13;10;13;25;11;9;16;9;0;13;13;22;17;18;12;10;8;25;33;14;32;17;15;14;13;28;23;36;9;23;10;14;29;20;15;29;13;41;30;16;36;22;39;34;58;51;41;42;15;72;26;40;54;40;39;33;38;37;46;56;43;56;53;21;16;53;35;47;37;45;37;34;45;52;45;36;28;16;19;10;23;44;23;22;18;8;8;19;17;22;19;11;1;10;20;17;13;20;9;5;1;4;7;4;2;1;1;1;3;2;2;4;0;0;0;1;2;2;1;1;0;0;2;2;1;1;1;1;3;0;3;5;3;1;2;5;7;2;4;0;1;5;2;7;2;1;1;0;0;0;2;0;0;0;0;0;0;0;5;1;0;2;0;7;11;8;11;7;1;1;4;13;17;2;7;8;2;1;6;4;8;2;4;3;4;8;3;2;8;2;1;0;3;9;3;1;2;0;1;3;5;3;9;3;6;3;10;9;9;9;11;6;6;9;5;15;23;31;24;27;37;33;17;38;27;16;44;19;28;27;22;26;30;21;19;23;35;14;9;32;20;24;18;16;19;14;7;7;15;11;10;14;9;9;10;14;8;6;7;7;3;15;5;4;12;6;6;4;7;5;7;16;8;6;3;7;7;10;9;6;16;11;14;18;23;34;29;40;16;54;43;96;83;72;58;53;128;165;139;114;181;83;121;206;187;204;224;200;144;117;217;242;237;129;204;58;91;232;152;141;123;147;60;69;135;98;119;104;87;51;55;110;82;82;63;59
Magallanes;0;0;0;0;0;0;0;0;0;0;0;0;0;0;2;0;0;0;1;1;2;2;5;6;3;4;13;0;24;36;15;42;16;18;31;19;26;20;45;46;19;19;14;15;23;34;21;31;13;27;12;10;9;31;13;3;22;21;11;1;25;25;17;13;8;15;28;10;9;3;2;9;13;2;12;8;8;1;5;10;5;5;12;5;12;5;2;6;5;2;1;3;3;6;1;9;1;6;0;1;8;4;7;11;11;6;0;9;4;7;10;10;6;0;12;5;9;5;5.0;9.0;6;2;6;2;4;8;3;2;4;8;7;6;6;12;4;0;2;5;4;3;2;4;3;3;3;4;12;12;3;30;17;12;17;17;22;18;21;6;32;19;29;21;12;15;32;29;55;15;48;31;44;67;51;70;72;60;55;80;40;77;76;79;83;102;92;84;154;97;147;87;61;53;100;181;171;83;79;137;181;78;136;155;175;120;102;171;197;175;130;167;217;146;111;101;189;130;131;253;112;119;142;196;71;76;70;86;60;59;38;59;91;60;45;60;52;52;54;61;24;42;51;41;85;60;50;44;36;47;63;69;59;50;40;15;57;43;64;43;29;20;23;38;55;39;52;66;70;33;56;67;86;55;43;55;17;58;68;54;50;64;42;62;42;63;65;56;77;45;38;52;59;57;58;47;60;36;73;74;35;20;53;61;49;52;110;71;20;59;62;102;101;102;81;74;65;105;90;77;101;60;46;83;58;62;110;106;64;60;76;40;34;59;93;64;70;66;60;42;54;80;56;55;47;35;71;55;45;75;40;33;41;29;50;63;41;47;29;21;34;39;41;41;28;39;23;20;49;47;43;33;25;32;14;37;46;41;36;15;12;9;23;34;27;23;12;15;18;33;12;29;19;37;27;16;21;35;29;23;24;22;16;58;19;48;53;43;20;47;52;57;36;52;42;53;41;72;68;64;56;72;81;50;81;97;84;68;63;57;64;100;62;62;77;52;38;78;49;79;52;60;52;38;47;59;86;54;61;34;42;35;43;47;28;55;19;20;36;47;43;37;20;13;15;19;38;32;22;33;22;13;24;18;33;15;19;19;10;11;8;28;11;9;10;11;13;12;22;24;18;7;12;7;7;7;10;5;5;8;5;3;4;2;2;7;0;6;2;5;4;0;4;1;3;3;4;3;2;1;0;0;6;0;3;3;5;3;1;5;6;2;6;2;2;5;2;5;1;4;5;1;0;2;0;1;0;0;0;0;1;0;0;1;0;0;1;0;0;0;0;0;1;0;0;0;1;0;0;0;0;0;1;1;0;1;0;0;0;0;1;1;0;0;0;0;0;0;0;0;0;0;2;0;0;3;1;1;5;2;3;0;7;3;0;5;5;3;9;11;4;3;3;9;4;20;11;12;6;7;11;20;11;10;6;7;11;6;6;8;8;5;4;7;9;11;3;7;1;4;13;6;11;5;8;7;1;8;7;13;13;6;1;4;18;15;23;11;8;12;6;14;16;16;8;10;6;9;15;13;21;15;10;7;8;37;48;64;75;43;58;100;102;100;198;170;166;167;224;201;287;249;394;263;237;226;199;411;283;211;304;250;219;239;267;216;240;192;141;162;189;229;151;171;104;133;99;133;132;134;112;135;90;85;93;133;101;109;89;71;41;91;80;108;92;107
Total;0;2;1;1;2;3;5;2;6;10;10;18;14;81;45;37;104;92;103;95;114;176;220;164;304;299;230;310;289;293;373;333;424;310;344;301;430;426;529;426;286;312;392;356;534;445;478;358;419;325;464;516;494;552;473;482;552;520;780;882;1246;1112;876;1317;893;1343;1183;1004;1406;975;1479;2152;2301;2112;1573;2024;2018;3099;3647;3538;3863;3237;3343;4428;3618;3956;4128;3355;3736;4437;5082;3206;4537;4172;3790;4888;5760;4237;3587;5226;5089;6217;5969;6368;4660;4498;4320;4060;5016;4564;4181;3710;3078;3020;3778;3422;3481;3396;3092.0;2690.0;2134;2042;2703;2951;2852;2354;1946;1638;2395;2392;2219;2371;1985;1444;1400;1949;2125;1624;1615;1599;1342;1391;1841;2005;1752;1620;1475;1236;1294;1428;1540;1426;1482;1119;1049;1216;1383;1479;1511;1452;1319;1061;1071;1343;1396;1158;1383;1012;846;876;1265;1328;1267;1315;1265;887;993;1197;1227;1330;1277;1177;926;1114;1275;1319;1368;1364;1175;839;1048;1139;1304;1407;1413;1064;1025;918;1283;1097;1230;1048;832;814;1016;1282;1475;1458;1233;1112;1036;1185;1198;1208;1184;1016;984;1019;803;1104;1228;1200;1132;941;898;822;889;1141;1189;1149;1034;726;830;1030;1160;1121;1026;1010;569;738;1064;965;1077;1031;824;688;633;1044;1145;1026;1058;836;687;636;1145;1012;1093;1029;848;656;697;1051;1071;1019;961;903;702;780;1082;1014;1133;993;884;747;773;1079;1155;1014;1078;1132;958;945;1128;1112;1281;1427;1243;1064;1052;1414;1551;1517;1411;1276;1086;1281;1598;1597;1618;1105;1395;1410;1554;2036;2321;2055;1492;1751;1885;1896;2614;2685;2762;2663;2451;2043;2328;2725;2899;2677;2777;2430;2283;2468;3049;3296;2760;2822;2534;2054;2423;2896;2941;2622;2628;2278;2015;1828;2456;2445;2616;2411;2191;1911;1792;2600;2756;2537;2502;2172;1782;1779;2596;2470;2550;2410;2331;1563;1998;2913;3210;3088;2612;2732;1963;2387;3192;3671;3508;3562;3157;2464;3024;3912;4123;4052;3911;3390;3303;3323;4391;4482;4711;4590;4142;3532;3795;4971;5206;5135;4787;4668;3427;4581;5292;5348;5334;4818;4115;4010;4194;5653;6280;5378;5162;4039;3867;4220;5171;4990;5167;4686;4184;3457;3716;4624;5038;4480;4386;3854;2863;3370;4738;4842;4285;4115;3133;2303;2919;4291;4554;4251;3714;3478;2722;3221;4355;4524;4733;4406;3645;2908;3837;5394;5145;5104;4273;3952;3219;4182;5769;5900;5703;5295;4489;3571;4339;5715;5827;5959;5094;4459;3863;4196;5396;5413;5143;4984;4012;3213;3574;4620;4542;4224;3935;3452;2419;2165;2760;3933;3540;3032;2596;1827;1676;2033;2825;2659;2253;1803;1309;1437;2160;1882;1748;1442;1310;910;966;1512;1301;1148;881;679;625;776;1273;1112;954;948;723;527;638;916;882;762;756;584;395;505;863;738;602;452;557;309;430;744;578;541;600;449;278;399;584;514;476;429;382;245;279;505;426;376;368;295;214;267;381;321;295;261;252;156;241;316;324;310;200;230;179;288;352;351;349;283;198;207;391;583;532;493;485;424;250;385;532;548;525;486;396;351;503;639;684;674;732;629;414;577;831;1063;1104;972;841;682;898;1198;1383;1303;1266;1062;835;1288;1437;1643;1427;1421;1149;932;1000;1507;1760;1875;1797;1570;1251;1710;1848;1896;1790;1811;1476;1196;1541;1716;1784;1838;1844;1469;1221;1518;1754;1709;1759;1517;1211;944;1134;1476;1332;955;1275;895;765;998;1160;952;1011;1097;840;690;775;1014;966;925;807;690;515;714;922;838;816;658;417;509;773;927;1007;1059;808;455;593;998;1532;1829;2023;1912;1804;1859;2612;3325;3903;4714;4791;4247;3971;5764;6714;8094;8109;7690;8076;8485;12007;14209;15658;15674;15681;14484;13374;19192;19439;21103;20700;19224;17054;14827;20671;20320;21042;20419;19947;15812;14506;19531;20466;19920;19348;17769;12869;11517;15817;17240;16636;16216;13514;10261;9239;13074;13531;13195;11882;11174
